2026-08-24T21:21:36+0800,GPU-4491c0be-1ea7-eff5-5e5b-9e4fe635f053,61078,20074,28,GPU-4491c0be-1ea7-eff5-5e5b-9e4fe635f053|2921751|ray::WorkerDict.actor_rollout_generate_sequences|43630
2026-08-24T21:21:47+0800,GPU-4491c0be-1ea7-eff5-5e5b-9e4fe635f053,61078,20074,21,GPU-4491c0be-1ea7-eff5-5e5b-9e4fe635f053|2921751|ray::WorkerDict.actor_rollout_generate_sequences|43630
2026-08-24T21:21:58+0800,GPU-4491c0be-1ea7-eff5-5e5b-9e4fe635f053,36768,44384,100,GPU-4491c0be-1ea7-eff5-5e5b-9e4fe635f053|2921751|ray::WorkerDict.actor_rollout_generate_sequences|19320
2026-08-24T21:22:09+0800,GPU-4491c0be-1ea7-eff5-5e5b-9e4fe635f053,38862,42290,100,GPU-4491c0be-1ea7-eff5-5e5b-9e4fe635f053|2921751|ray::WorkerDict.actor_rollout_generate_sequences|21414
2026-08-24T21:22:20+0800,GPU-4491c0be-1ea7-eff5-5e5b-9e4fe635f053,46388,34764,88,GPU-4491c0be-1ea7-eff5-5e5b-9e4fe635f053|2921751|ray::WorkerDict.actor_rollout_generate_sequences|28940
2026-08-24T21:22:30+0800,GPU-4491c0be-1ea7-eff5-5e5b-9e4fe635f053,36450,44702,0,GPU-4491c0be-1ea7-eff5-5e5b-9e4fe635f053|2921751|ray::WorkerDict|19002
2026-08-24T21:22:41+0800,GPU-4491c0be-1ea7-eff5-5e5b-9e4fe635f053,42158,38994,29,GPU-4491c0be-1ea7-eff5-5e5b-9e4fe635f053|2921751|ray::WorkerDict.actor_rollout_generate_sequences|21650
2026-08-24T21:22:53+0800,GPU-4491c0be-1ea7-eff5-5e5b-9e4fe635f053,61586,19566,37,GPU-4491c0be-1ea7-eff5-5e5b-9e4fe635f053|2921751|ray::WorkerDict.actor_rollout_generate_sequences|44138
2026-08-24T21:23:03+0800,GPU-4491c0be-1ea7-eff5-5e5b-9e4fe635f053,61586,19566,33,GPU-4491c0be-1ea7-eff5-5e5b-9e4fe635f053|2921751|ray::WorkerDict.actor_rollout_generate_sequences|44138
2026-08-24T21:23:15+0800,GPU-4491c0be-1ea7-eff5-5e5b-9e4fe635f053,61586,19566,35,GPU-4491c0be-1ea7-eff5-5e5b-9e4fe635f053|2921751|ray::WorkerDict.actor_rollout_generate_sequences|44138
2026-08-24T21:23:25+0800,GPU-4491c0be-1ea7-eff5-5e5b-9e4fe635f053,61588,19564,32,GPU-4491c0be-1ea7-eff5-5e5b-9e4fe635f053|2921751|ray::WorkerDict.actor_rollout_generate_sequences|44140
2026-08-24T21:23:36+0800,GPU-4491c0be-1ea7-eff5-5e5b-9e4fe635f053,36080,45072,0,GPU-4491c0be-1ea7-eff5-5e5b-9e4fe635f053|2921751|ray::WorkerDict.actor_rollout_generate_sequences|19698
2026-08-24T21:23:47+0800,GPU-4491c0be-1ea7-eff5-5e5b-9e4fe635f053,37146,44006,100,GPU-4491c0be-1ea7-eff5-5e5b-9e4fe635f053|2921751|ray::WorkerDict.actor_rollout_generate_sequences|19698
2026-08-24T21:23:58+0800,GPU-4491c0be-1ea7-eff5-5e5b-9e4fe635f053,66034,15118,92,GPU-4491c0be-1ea7-eff5-5e5b-9e4fe635f053|2921751|ray::WorkerDict.actor_rollout_generate_sequences|48586
2026-08-24T21:24:09+0800,GPU-4491c0be-1ea7-eff5-5e5b-9e4fe635f053,37516,43636,0,GPU-4491c0be-1ea7-eff5-5e5b-9e4fe635f053|2921751|ray::WorkerDict|19044
2026-08-24T21:24:20+0800,GPU-4491c0be-1ea7-eff5-5e5b-9e4fe635f053,59906,21246,90,GPU-4491c0be-1ea7-eff5-5e5b-9e4fe635f053|2921751|ray::WorkerDict.actor_rollout_generate_sequences|42458
2026-08-24T21:24:30+0800,GPU-4491c0be-1ea7-eff5-5e5b-9e4fe635f053,61138,20014,73,GPU-4491c0be-1ea7-eff5-5e5b-9e4fe635f053|2921751|ray::WorkerDict.actor_rollout_generate_sequences|43690
2026-08-24T21:24:42+0800,GPU-4491c0be-1ea7-eff5-5e5b-9e4fe635f053,61140,20012,39,GPU-4491c0be-1ea7-eff5-5e5b-9e4fe635f053|2921751|ray::WorkerDict.actor_rollout_generate_sequences|19816
2026-08-24T21:24:53+0800,GPU-4491c0be-1ea7-eff5-5e5b-9e4fe635f053,77514,3638,97,GPU-4491c0be-1ea7-eff5-5e5b-9e4fe635f053|2921751|ray::WorkerDict.actor_rollout_generate_sequences|60066
2026-08-24T21:25:05+0800,GPU-4491c0be-1ea7-eff5-5e5b-9e4fe635f053,60132,21020,32,GPU-4491c0be-1ea7-eff5-5e5b-9e4fe635f053|2921751|ray::WorkerDict.actor_rollout_generate_sequences|42684
2026-08-24T21:25:17+0800,GPU-4491c0be-1ea7-eff5-5e5b-9e4fe635f053,60132,21020,26,GPU-4491c0be-1ea7-eff5-5e5b-9e4fe635f053|2921751|ray::WorkerDict.actor_rollout_generate_sequences|42684
2026-08-24T21:25:28+0800,GPU-4491c0be-1ea7-eff5-5e5b-9e4fe635f053,59494,21658,4,GPU-4491c0be-1ea7-eff5-5e5b-9e4fe635f053|2921751|ray::WorkerDict.actor_rollout_generate_sequences|42756
2026-08-24T21:25:39+0800,GPU-4491c0be-1ea7-eff5-5e5b-9e4fe635f053,36600,44552,0,GPU-4491c0be-1ea7-eff5-5e5b-9e4fe635f053|2921751|ray::WorkerDict.actor_rollout_compute_log_prob|26550
2026-08-24T21:25:51+0800,GPU-4491c0be-1ea7-eff5-5e5b-9e4fe635f053,56454,24698,95,GPU-4491c0be-1ea7-eff5-5e5b-9e4fe635f053|2921751|ray::WorkerDict.actor_rollout_compute_log_prob|39008
2026-08-24T21:26:03+0800,GPU-4491c0be-1ea7-eff5-5e5b-9e4fe635f053,36620,44532,100,GPU-4491c0be-1ea7-eff5-5e5b-9e4fe635f053|2921751|ray::WorkerDict|19172
2026-08-24T21:26:14+0800,GPU-4491c0be-1ea7-eff5-5e5b-9e4fe635f053,46734,34418,100,GPU-4491c0be-1ea7-eff5-5e5b-9e4fe635f053|2921751|ray::WorkerDict.ref_compute_ref_log_prob|29286
2026-08-24T21:26:25+0800,GPU-4491c0be-1ea7-eff5-5e5b-9e4fe635f053,46736,34416,100,GPU-4491c0be-1ea7-eff5-5e5b-9e4fe635f053|2921751|ray::WorkerDict.ref_compute_ref_log_prob|29288
2026-08-24T21:26:36+0800,GPU-4491c0be-1ea7-eff5-5e5b-9e4fe635f053,46736,34416,98,GPU-4491c0be-1ea7-eff5-5e5b-9e4fe635f053|2921751|ray::WorkerDict.ref_compute_ref_log_prob|29288
2026-08-24T21:26:47+0800,GPU-4491c0be-1ea7-eff5-5e5b-9e4fe635f053,46736,34416,100,GPU-4491c0be-1ea7-eff5-5e5b-9e4fe635f053|2921751|ray::WorkerDict.ref_compute_ref_log_prob|29288
2026-08-24T21:26:58+0800,GPU-4491c0be-1ea7-eff5-5e5b-9e4fe635f053,46736,34416,100,GPU-4491c0be-1ea7-eff5-5e5b-9e4fe635f053|2921751|ray::WorkerDict.ref_compute_ref_log_prob|29288
2026-08-24T21:27:09+0800,GPU-4491c0be-1ea7-eff5-5e5b-9e4fe635f053,46738,34414,100,GPU-4491c0be-1ea7-eff5-5e5b-9e4fe635f053|2921751|ray::WorkerDict.ref_compute_ref_log_prob|29290
2026-08-24T21:27:21+0800,GPU-4491c0be-1ea7-eff5-5e5b-9e4fe635f053,46738,34414,100,GPU-4491c0be-1ea7-eff5-5e5b-9e4fe635f053|2921751|ray::WorkerDict.ref_compute_ref_log_prob|29290
2026-08-24T21:27:32+0800,GPU-4491c0be-1ea7-eff5-5e5b-9e4fe635f053,46738,34414,100,GPU-4491c0be-1ea7-eff5-5e5b-9e4fe635f053|2921751|ray::WorkerDict.ref_compute_ref_log_prob|29290
2026-08-24T21:27:43+0800,GPU-4491c0be-1ea7-eff5-5e5b-9e4fe635f053,46740,34412,100,GPU-4491c0be-1ea7-eff5-5e5b-9e4fe635f053|2921751|ray::WorkerDict.ref_compute_ref_log_prob|29292
2026-08-24T21:27:54+0800,GPU-4491c0be-1ea7-eff5-5e5b-9e4fe635f053,46740,34412,100,GPU-4491c0be-1ea7-eff5-5e5b-9e4fe635f053|2921751|ray::WorkerDict.ref_compute_ref_log_prob|29292
2026-08-24T21:28:05+0800,GPU-4491c0be-1ea7-eff5-5e5b-9e4fe635f053,46740,34412,100,GPU-4491c0be-1ea7-eff5-5e5b-9e4fe635f053|2921751|ray::WorkerDict.ref_compute_ref_log_prob|29292
2026-08-24T21:28:16+0800,GPU-4491c0be-1ea7-eff5-5e5b-9e4fe635f053,46740,34412,100,GPU-4491c0be-1ea7-eff5-5e5b-9e4fe635f053|2921751|ray::WorkerDict.ref_compute_ref_log_prob|29292
2026-08-24T21:28:27+0800,GPU-4491c0be-1ea7-eff5-5e5b-9e4fe635f053,46742,34410,100,GPU-4491c0be-1ea7-eff5-5e5b-9e4fe635f053|2921751|ray::WorkerDict.ref_compute_ref_log_prob|29294
2026-08-24T21:28:37+0800,GPU-4491c0be-1ea7-eff5-5e5b-9e4fe635f053,46742,34410,100,GPU-4491c0be-1ea7-eff5-5e5b-9e4fe635f053|2921751|ray::WorkerDict.ref_compute_ref_log_prob|29294
2026-08-24T21:28:48+0800,GPU-4491c0be-1ea7-eff5-5e5b-9e4fe635f053,46742,34410,100,GPU-4491c0be-1ea7-eff5-5e5b-9e4fe635f053|2921751|ray::WorkerDict.ref_compute_ref_log_prob|29294
2026-08-24T21:28:59+0800,GPU-4491c0be-1ea7-eff5-5e5b-9e4fe635f053,46744,34408,100,GPU-4491c0be-1ea7-eff5-5e5b-9e4fe635f053|2921751|ray::WorkerDict.ref_compute_ref_log_prob|29296
2026-08-24T21:29:10+0800,GPU-4491c0be-1ea7-eff5-5e5b-9e4fe635f053,46744,34408,100,GPU-4491c0be-1ea7-eff5-5e5b-9e4fe635f053|2921751|ray::WorkerDict.ref_compute_ref_log_prob|29296
2026-08-24T21:29:21+0800,GPU-4491c0be-1ea7-eff5-5e5b-9e4fe635f053,46744,34408,100,GPU-4491c0be-1ea7-eff5-5e5b-9e4fe635f053|2921751|ray::WorkerDict.ref_compute_ref_log_prob|29296
2026-08-24T21:29:32+0800,GPU-4491c0be-1ea7-eff5-5e5b-9e4fe635f053,46744,34408,100,GPU-4491c0be-1ea7-eff5-5e5b-9e4fe635f053|2921751|ray::WorkerDict.ref_compute_ref_log_prob|29296
2026-08-24T21:29:43+0800,GPU-4491c0be-1ea7-eff5-5e5b-9e4fe635f053,46746,34406,100,GPU-4491c0be-1ea7-eff5-5e5b-9e4fe635f053|2921751|ray::WorkerDict.ref_compute_ref_log_prob|29298
2026-08-24T21:29:54+0800,GPU-4491c0be-1ea7-eff5-5e5b-9e4fe635f053,46746,34406,100,GPU-4491c0be-1ea7-eff5-5e5b-9e4fe635f053|2921751|ray::WorkerDict.ref_compute_ref_log_prob|29298
2026-08-24T21:30:05+0800,GPU-4491c0be-1ea7-eff5-5e5b-9e4fe635f053,46746,34406,100,GPU-4491c0be-1ea7-eff5-5e5b-9e4fe635f053|2921751|ray::WorkerDict.ref_compute_ref_log_prob|29298
2026-08-24T21:30:16+0800,GPU-4491c0be-1ea7-eff5-5e5b-9e4fe635f053,46746,34406,100,GPU-4491c0be-1ea7-eff5-5e5b-9e4fe635f053|2921751|ray::WorkerDict.ref_compute_ref_log_prob|29298
2026-08-24T21:30:28+0800,GPU-4491c0be-1ea7-eff5-5e5b-9e4fe635f053,46748,34404,100,GPU-4491c0be-1ea7-eff5-5e5b-9e4fe635f053|2921751|ray::WorkerDict.ref_compute_ref_log_prob|29300
2026-08-24T21:30:39+0800,GPU-4491c0be-1ea7-eff5-5e5b-9e4fe635f053,46748,34404,100,GPU-4491c0be-1ea7-eff5-5e5b-9e4fe635f053|2921751|ray::WorkerDict.ref_compute_ref_log_prob|29300
2026-08-24T21:30:50+0800,GPU-4491c0be-1ea7-eff5-5e5b-9e4fe635f053,46748,34404,100,GPU-4491c0be-1ea7-eff5-5e5b-9e4fe635f053|2921751|ray::WorkerDict.ref_compute_ref_log_prob|29300
2026-08-24T21:31:00+0800,GPU-4491c0be-1ea7-eff5-5e5b-9e4fe635f053,46748,34404,100,GPU-4491c0be-1ea7-eff5-5e5b-9e4fe635f053|2921751|ray::WorkerDict.ref_compute_ref_log_prob|29300
2026-08-24T21:31:12+0800,GPU-4491c0be-1ea7-eff5-5e5b-9e4fe635f053,46750,34402,100,GPU-4491c0be-1ea7-eff5-5e5b-9e4fe635f053|2921751|ray::WorkerDict.ref_compute_ref_log_prob|29302
2026-08-24T21:31:22+0800,GPU-4491c0be-1ea7-eff5-5e5b-9e4fe635f053,46750,34402,100,GPU-4491c0be-1ea7-eff5-5e5b-9e4fe635f053|2921751|ray::WorkerDict.ref_compute_ref_log_prob|29302
2026-08-24T21:31:33+0800,GPU-4491c0be-1ea7-eff5-5e5b-9e4fe635f053,46750,34402,99,GPU-4491c0be-1ea7-eff5-5e5b-9e4fe635f053|2921751|ray::WorkerDict.ref_compute_ref_log_prob|29302
2026-08-24T21:31:45+0800,GPU-4491c0be-1ea7-eff5-5e5b-9e4fe635f053,46752,34400,100,GPU-4491c0be-1ea7-eff5-5e5b-9e4fe635f053|2921751|ray::WorkerDict.ref_compute_ref_log_prob|29304
2026-08-24T21:31:55+0800,GPU-4491c0be-1ea7-eff5-5e5b-9e4fe635f053,46752,34400,100,GPU-4491c0be-1ea7-eff5-5e5b-9e4fe635f053|2921751|ray::WorkerDict.ref_compute_ref_log_prob|29304
2026-08-24T21:32:06+0800,GPU-4491c0be-1ea7-eff5-5e5b-9e4fe635f053,46752,34400,99,GPU-4491c0be-1ea7-eff5-5e5b-9e4fe635f053|2921751|ray::WorkerDict.ref_compute_ref_log_prob|29304
2026-08-24T21:32:17+0800,GPU-4491c0be-1ea7-eff5-5e5b-9e4fe635f053,46752,34400,100,GPU-4491c0be-1ea7-eff5-5e5b-9e4fe635f053|2921751|ray::WorkerDict.ref_compute_ref_log_prob|29304
2026-08-24T21:32:28+0800,GPU-4491c0be-1ea7-eff5-5e5b-9e4fe635f053,46754,34398,100,GPU-4491c0be-1ea7-eff5-5e5b-9e4fe635f053|2921751|ray::WorkerDict.ref_compute_ref_log_prob|29306
2026-08-24T21:32:39+0800,GPU-4491c0be-1ea7-eff5-5e5b-9e4fe635f053,46754,34398,100,GPU-4491c0be-1ea7-eff5-5e5b-9e4fe635f053|2921751|ray::WorkerDict.ref_compute_ref_log_prob|29306
2026-08-24T21:32:49+0800,GPU-4491c0be-1ea7-eff5-5e5b-9e4fe635f053,46756,34396,100,GPU-4491c0be-1ea7-eff5-5e5b-9e4fe635f053|2921751|ray::WorkerDict.ref_compute_ref_log_prob|29308
2026-08-24T21:33:00+0800,GPU-4491c0be-1ea7-eff5-5e5b-9e4fe635f053,46756,34396,100,GPU-4491c0be-1ea7-eff5-5e5b-9e4fe635f053|2921751|ray::WorkerDict.ref_compute_ref_log_prob|29308
2026-08-24T21:33:11+0800,GPU-4491c0be-1ea7-eff5-5e5b-9e4fe635f053,46756,34396,100,GPU-4491c0be-1ea7-eff5-5e5b-9e4fe635f053|2921751|ray::WorkerDict.ref_compute_ref_log_prob|29308
2026-08-24T21:33:22+0800,GPU-4491c0be-1ea7-eff5-5e5b-9e4fe635f053,46756,34396,99,GPU-4491c0be-1ea7-eff5-5e5b-9e4fe635f053|2921751|ray::WorkerDict.ref_compute_ref_log_prob|29308
2026-08-24T21:33:34+0800,GPU-4491c0be-1ea7-eff5-5e5b-9e4fe635f053,46756,34396,100,GPU-4491c0be-1ea7-eff5-5e5b-9e4fe635f053|2921751|ray::WorkerDict.ref_compute_ref_log_prob|29308
2026-08-24T21:33:45+0800,GPU-4491c0be-1ea7-eff5-5e5b-9e4fe635f053,46756,34396,100,GPU-4491c0be-1ea7-eff5-5e5b-9e4fe635f053|2921751|ray::WorkerDict.ref_compute_ref_log_prob|29308
2026-08-24T21:33:57+0800,GPU-4491c0be-1ea7-eff5-5e5b-9e4fe635f053,46758,34394,100,GPU-4491c0be-1ea7-eff5-5e5b-9e4fe635f053|2921751|ray::WorkerDict.ref_compute_ref_log_prob|29310
2026-08-24T21:34:08+0800,GPU-4491c0be-1ea7-eff5-5e5b-9e4fe635f053,46758,34394,100,GPU-4491c0be-1ea7-eff5-5e5b-9e4fe635f053|2921751|ray::WorkerDict.ref_compute_ref_log_prob|29310
2026-08-24T21:34:19+0800,GPU-4491c0be-1ea7-eff5-5e5b-9e4fe635f053,46758,34394,100,GPU-4491c0be-1ea7-eff5-5e5b-9e4fe635f053|2921751|ray::WorkerDict.ref_compute_ref_log_prob|29310
2026-08-24T21:34:29+0800,GPU-4491c0be-1ea7-eff5-5e5b-9e4fe635f053,46758,34394,100,GPU-4491c0be-1ea7-eff5-5e5b-9e4fe635f053|2921751|ray::WorkerDict.ref_compute_ref_log_prob|29310
2026-08-24T21:34:40+0800,GPU-4491c0be-1ea7-eff5-5e5b-9e4fe635f053,46760,34392,98,GPU-4491c0be-1ea7-eff5-5e5b-9e4fe635f053|2921751|ray::WorkerDict.ref_compute_ref_log_prob|29312
2026-08-24T21:34:51+0800,GPU-4491c0be-1ea7-eff5-5e5b-9e4fe635f053,46760,34392,100,GPU-4491c0be-1ea7-eff5-5e5b-9e4fe635f053|2921751|ray::WorkerDict.ref_compute_ref_log_prob|29312
2026-08-24T21:35:03+0800,GPU-4491c0be-1ea7-eff5-5e5b-9e4fe635f053,46760,34392,99,GPU-4491c0be-1ea7-eff5-5e5b-9e4fe635f053|2921751|ray::WorkerDict.ref_compute_ref_log_prob|29312
2026-08-24T21:35:13+0800,GPU-4491c0be-1ea7-eff5-5e5b-9e4fe635f053,46762,34390,100,GPU-4491c0be-1ea7-eff5-5e5b-9e4fe635f053|2921751|ray::WorkerDict.ref_compute_ref_log_prob|29314
2026-08-24T21:35:25+0800,GPU-4491c0be-1ea7-eff5-5e5b-9e4fe635f053,46762,34390,100,GPU-4491c0be-1ea7-eff5-5e5b-9e4fe635f053|2921751|ray::WorkerDict.ref_compute_ref_log_prob|29314
2026-08-24T21:35:36+0800,GPU-4491c0be-1ea7-eff5-5e5b-9e4fe635f053,46762,34390,100,GPU-4491c0be-1ea7-eff5-5e5b-9e4fe635f053|2921751|ray::WorkerDict.ref_compute_ref_log_prob|29314
2026-08-24T21:35:48+0800,GPU-4491c0be-1ea7-eff5-5e5b-9e4fe635f053,46762,34390,100,GPU-4491c0be-1ea7-eff5-5e5b-9e4fe635f053|2921751|ray::WorkerDict.ref_compute_ref_log_prob|29314
2026-08-24T21:35:59+0800,GPU-4491c0be-1ea7-eff5-5e5b-9e4fe635f053,46764,34388,100,GPU-4491c0be-1ea7-eff5-5e5b-9e4fe635f053|2921751|ray::WorkerDict.ref_compute_ref_log_prob|29316
2026-08-24T21:36:10+0800,GPU-4491c0be-1ea7-eff5-5e5b-9e4fe635f053,46764,34388,99,GPU-4491c0be-1ea7-eff5-5e5b-9e4fe635f053|2921751|ray::WorkerDict.ref_compute_ref_log_prob|29316
2026-08-24T21:36:21+0800,GPU-4491c0be-1ea7-eff5-5e5b-9e4fe635f053,46764,34388,100,GPU-4491c0be-1ea7-eff5-5e5b-9e4fe635f053|2921751|ray::WorkerDict.ref_compute_ref_log_prob|29316
2026-08-24T21:36:32+0800,GPU-4491c0be-1ea7-eff5-5e5b-9e4fe635f053,46764,34388,100,GPU-4491c0be-1ea7-eff5-5e5b-9e4fe635f053|2921751|ray::WorkerDict.ref_compute_ref_log_prob|29316
2026-08-24T21:36:44+0800,GPU-4491c0be-1ea7-eff5-5e5b-9e4fe635f053,46766,34386,100,GPU-4491c0be-1ea7-eff5-5e5b-9e4fe635f053|2921751|ray::WorkerDict.ref_compute_ref_log_prob|29318
2026-08-24T21:36:55+0800,GPU-4491c0be-1ea7-eff5-5e5b-9e4fe635f053,46766,34386,100,GPU-4491c0be-1ea7-eff5-5e5b-9e4fe635f053|2921751|ray::WorkerDict.ref_compute_ref_log_prob|29318
2026-08-24T21:37:06+0800,GPU-4491c0be-1ea7-eff5-5e5b-9e4fe635f053,46766,34386,100,GPU-4491c0be-1ea7-eff5-5e5b-9e4fe635f053|2921751|ray::WorkerDict.ref_compute_ref_log_prob|29318
2026-08-24T21:37:18+0800,GPU-4491c0be-1ea7-eff5-5e5b-9e4fe635f053,46768,34384,100,GPU-4491c0be-1ea7-eff5-5e5b-9e4fe635f053|2921751|ray::WorkerDict.ref_compute_ref_log_prob|29320
2026-08-24T21:37:29+0800,GPU-4491c0be-1ea7-eff5-5e5b-9e4fe635f053,46768,34384,100,GPU-4491c0be-1ea7-eff5-5e5b-9e4fe635f053|2921751|ray::WorkerDict.ref_compute_ref_log_prob|29320
2026-08-24T21:37:39+0800,GPU-4491c0be-1ea7-eff5-5e5b-9e4fe635f053,46768,34384,99,GPU-4491c0be-1ea7-eff5-5e5b-9e4fe635f053|2921751|ray::WorkerDict.ref_compute_ref_log_prob|29320
2026-08-24T21:37:51+0800,GPU-4491c0be-1ea7-eff5-5e5b-9e4fe635f053,46768,34384,100,GPU-4491c0be-1ea7-eff5-5e5b-9e4fe635f053|2921751|ray::WorkerDict.ref_compute_ref_log_prob|29320
2026-08-24T21:38:01+0800,GPU-4491c0be-1ea7-eff5-5e5b-9e4fe635f053,46770,34382,100,GPU-4491c0be-1ea7-eff5-5e5b-9e4fe635f053|2921751|ray::WorkerDict.ref_compute_ref_log_prob|29322
2026-08-24T21:38:12+0800,GPU-4491c0be-1ea7-eff5-5e5b-9e4fe635f053,46770,34382,100,GPU-4491c0be-1ea7-eff5-5e5b-9e4fe635f053|2921751|ray::WorkerDict.ref_compute_ref_log_prob|29322
2026-08-24T21:38:23+0800,GPU-4491c0be-1ea7-eff5-5e5b-9e4fe635f053,46770,34382,99,GPU-4491c0be-1ea7-eff5-5e5b-9e4fe635f053|2921751|ray::WorkerDict.ref_compute_ref_log_prob|29322
2026-08-24T21:38:34+0800,GPU-4491c0be-1ea7-eff5-5e5b-9e4fe635f053,46770,34382,100,GPU-4491c0be-1ea7-eff5-5e5b-9e4fe635f053|2921751|ray::WorkerDict.ref_compute_ref_log_prob|29322
2026-08-24T21:38:45+0800,GPU-4491c0be-1ea7-eff5-5e5b-9e4fe635f053,46772,34380,100,GPU-4491c0be-1ea7-eff5-5e5b-9e4fe635f053|2921751|ray::WorkerDict.ref_compute_ref_log_prob|29324
2026-08-24T21:38:56+0800,GPU-4491c0be-1ea7-eff5-5e5b-9e4fe635f053,46772,34380,100,GPU-4491c0be-1ea7-eff5-5e5b-9e4fe635f053|2921751|ray::WorkerDict.ref_compute_ref_log_prob|29324
2026-08-24T21:39:07+0800,GPU-4491c0be-1ea7-eff5-5e5b-9e4fe635f053,46772,34380,100,GPU-4491c0be-1ea7-eff5-5e5b-9e4fe635f053|2921751|ray::WorkerDict.ref_compute_ref_log_prob|29324
2026-08-24T21:39:18+0800,GPU-4491c0be-1ea7-eff5-5e5b-9e4fe635f053,46772,34380,100,GPU-4491c0be-1ea7-eff5-5e5b-9e4fe635f053|2921751|ray::WorkerDict.ref_compute_ref_log_prob|29324
2026-08-24T21:39:29+0800,GPU-4491c0be-1ea7-eff5-5e5b-9e4fe635f053,46774,34378,99,GPU-4491c0be-1ea7-eff5-5e5b-9e4fe635f053|2921751|ray::WorkerDict.ref_compute_ref_log_prob|29326
2026-08-24T21:39:39+0800,GPU-4491c0be-1ea7-eff5-5e5b-9e4fe635f053,46774,34378,100,GPU-4491c0be-1ea7-eff5-5e5b-9e4fe635f053|2921751|ray::WorkerDict.ref_compute_ref_log_prob|29326
2026-08-24T21:39:50+0800,GPU-4491c0be-1ea7-eff5-5e5b-9e4fe635f053,46774,34378,100,GPU-4491c0be-1ea7-eff5-5e5b-9e4fe635f053|2921751|ray::WorkerDict.ref_compute_ref_log_prob|29326
2026-08-24T21:40:01+0800,GPU-4491c0be-1ea7-eff5-5e5b-9e4fe635f053,46774,34378,100,GPU-4491c0be-1ea7-eff5-5e5b-9e4fe635f053|2921751|ray::WorkerDict.ref_compute_ref_log_prob|29326
2026-08-24T21:40:12+0800,GPU-4491c0be-1ea7-eff5-5e5b-9e4fe635f053,46776,34376,100,GPU-4491c0be-1ea7-eff5-5e5b-9e4fe635f053|2921751|ray::WorkerDict.ref_compute_ref_log_prob|29328
2026-08-24T21:40:24+0800,GPU-4491c0be-1ea7-eff5-5e5b-9e4fe635f053,46776,34376,100,GPU-4491c0be-1ea7-eff5-5e5b-9e4fe635f053|2921751|ray::WorkerDict.ref_compute_ref_log_prob|29328
2026-08-24T21:40:34+0800,GPU-4491c0be-1ea7-eff5-5e5b-9e4fe635f053,46776,34376,100,GPU-4491c0be-1ea7-eff5-5e5b-9e4fe635f053|2921751|ray::WorkerDict.ref_compute_ref_log_prob|29328
2026-08-24T21:40:46+0800,GPU-4491c0be-1ea7-eff5-5e5b-9e4fe635f053,46778,34374,98,GPU-4491c0be-1ea7-eff5-5e5b-9e4fe635f053|2921751|ray::WorkerDict.ref_compute_ref_log_prob|29330
2026-08-24T21:40:57+0800,GPU-4491c0be-1ea7-eff5-5e5b-9e4fe635f053,46778,34374,100,GPU-4491c0be-1ea7-eff5-5e5b-9e4fe635f053|2921751|ray::WorkerDict.ref_compute_ref_log_prob|29330
2026-08-24T21:41:08+0800,GPU-4491c0be-1ea7-eff5-5e5b-9e4fe635f053,46778,34374,100,GPU-4491c0be-1ea7-eff5-5e5b-9e4fe635f053|2921751|ray::WorkerDict.ref_compute_ref_log_prob|29330
2026-08-24T21:41:19+0800,GPU-4491c0be-1ea7-eff5-5e5b-9e4fe635f053,46778,34374,100,GPU-4491c0be-1ea7-eff5-5e5b-9e4fe635f053|2921751|ray::WorkerDict.ref_compute_ref_log_prob|29330
2026-08-24T21:41:30+0800,GPU-4491c0be-1ea7-eff5-5e5b-9e4fe635f053,46780,34372,100,GPU-4491c0be-1ea7-eff5-5e5b-9e4fe635f053|2921751|ray::WorkerDict.ref_compute_ref_log_prob|29332
2026-08-24T21:41:40+0800,GPU-4491c0be-1ea7-eff5-5e5b-9e4fe635f053,45180,35972,40,GPU-4491c0be-1ea7-eff5-5e5b-9e4fe635f053|2921751|ray::WorkerDict.actor_rollout_update_actor|27732
2026-08-24T21:41:52+0800,GPU-4491c0be-1ea7-eff5-5e5b-9e4fe635f053,59828,21324,98,GPU-4491c0be-1ea7-eff5-5e5b-9e4fe635f053|2921751|ray::WorkerDict.actor_rollout_update_actor|42380
2026-08-24T21:42:03+0800,GPU-4491c0be-1ea7-eff5-5e5b-9e4fe635f053,65334,15818,100,GPU-4491c0be-1ea7-eff5-5e5b-9e4fe635f053|2921751|ray::WorkerDict.actor_rollout_update_actor|47886
2026-08-24T21:42:13+0800,GPU-4491c0be-1ea7-eff5-5e5b-9e4fe635f053,65334,15818,93,GPU-4491c0be-1ea7-eff5-5e5b-9e4fe635f053|2921751|ray::WorkerDict.actor_rollout_update_actor|47886
2026-08-24T21:42:25+0800,GPU-4491c0be-1ea7-eff5-5e5b-9e4fe635f053,65334,15818,91,GPU-4491c0be-1ea7-eff5-5e5b-9e4fe635f053|2921751|ray::WorkerDict.actor_rollout_update_actor|55324
2026-08-24T21:42:36+0800,GPU-4491c0be-1ea7-eff5-5e5b-9e4fe635f053,72772,8380,98,GPU-4491c0be-1ea7-eff5-5e5b-9e4fe635f053|2921751|ray::WorkerDict.actor_rollout_update_actor|55324
2026-08-24T21:42:47+0800,GPU-4491c0be-1ea7-eff5-5e5b-9e4fe635f053,72772,8380,80,GPU-4491c0be-1ea7-eff5-5e5b-9e4fe635f053|2921751|ray::WorkerDict.actor_rollout_update_actor|55324
2026-08-24T21:42:58+0800,GPU-4491c0be-1ea7-eff5-5e5b-9e4fe635f053,72772,8380,91,GPU-4491c0be-1ea7-eff5-5e5b-9e4fe635f053|2921751|ray::WorkerDict.actor_rollout_update_actor|55324
2026-08-24T21:43:09+0800,GPU-4491c0be-1ea7-eff5-5e5b-9e4fe635f053,72772,8380,86,GPU-4491c0be-1ea7-eff5-5e5b-9e4fe635f053|2921751|ray::WorkerDict.actor_rollout_update_actor|55324
2026-08-24T21:43:20+0800,GPU-4491c0be-1ea7-eff5-5e5b-9e4fe635f053,72772,8380,99,GPU-4491c0be-1ea7-eff5-5e5b-9e4fe635f053|2921751|ray::WorkerDict.actor_rollout_update_actor|55324
2026-08-24T21:43:32+0800,GPU-4491c0be-1ea7-eff5-5e5b-9e4fe635f053,72772,8380,91,GPU-4491c0be-1ea7-eff5-5e5b-9e4fe635f053|2921751|ray::WorkerDict.actor_rollout_update_actor|55324
2026-08-24T21:43:43+0800,GPU-4491c0be-1ea7-eff5-5e5b-9e4fe635f053,72772,8380,82,GPU-4491c0be-1ea7-eff5-5e5b-9e4fe635f053|2921751|ray::WorkerDict.actor_rollout_update_actor|55324
2026-08-24T21:43:54+0800,GPU-4491c0be-1ea7-eff5-5e5b-9e4fe635f053,72772,8380,93,GPU-4491c0be-1ea7-eff5-5e5b-9e4fe635f053|2921751|ray::WorkerDict.actor_rollout_update_actor|55324
2026-08-24T21:44:05+0800,GPU-4491c0be-1ea7-eff5-5e5b-9e4fe635f053,72772,8380,90,GPU-4491c0be-1ea7-eff5-5e5b-9e4fe635f053|2921751|ray::WorkerDict.actor_rollout_update_actor|55324
2026-08-24T21:44:16+0800,GPU-4491c0be-1ea7-eff5-5e5b-9e4fe635f053,71546,9606,36,GPU-4491c0be-1ea7-eff5-5e5b-9e4fe635f053|2921751|ray::WorkerDict.actor_rollout_generate_sequences|54098
2026-08-24T21:44:27+0800,GPU-4491c0be-1ea7-eff5-5e5b-9e4fe635f053,71546,9606,36,GPU-4491c0be-1ea7-eff5-5e5b-9e4fe635f053|2921751|ray::WorkerDict.actor_rollout_generate_sequences|54098
2026-08-24T21:44:38+0800,GPU-4491c0be-1ea7-eff5-5e5b-9e4fe635f053,71548,9604,36,GPU-4491c0be-1ea7-eff5-5e5b-9e4fe635f053|2921751|ray::WorkerDict.actor_rollout_generate_sequences|54100
2026-08-24T21:44:49+0800,GPU-4491c0be-1ea7-eff5-5e5b-9e4fe635f053,71548,9604,39,GPU-4491c0be-1ea7-eff5-5e5b-9e4fe635f053|2921751|ray::WorkerDict.actor_rollout_generate_sequences|54100
2026-08-24T21:44:59+0800,GPU-4491c0be-1ea7-eff5-5e5b-9e4fe635f053,71548,9604,39,GPU-4491c0be-1ea7-eff5-5e5b-9e4fe635f053|2921751|ray::WorkerDict.actor_rollout_generate_sequences|54100
