2026-08-24T21:52:38+0800,17427, 63726, 0, 46.98
2026-08-24T21:52:49+0800,17427, 63726, 0, 46.98
2026-08-24T21:52:59+0800,17427, 63726, 0, 47.01
2026-08-24T21:53:09+0800,17427, 63726, 0, 47.01
2026-08-24T21:53:20+0800,17458, 63694, 1, 47.41
2026-08-24T21:53:30+0800,45764, 35388, 100, 69.15
2026-08-24T21:53:41+0800,39488, 41664, 0, 47.41
2026-08-24T21:53:51+0800,59814, 21338, 0, 47.38
2026-08-24T21:54:02+0800,61436, 19716, 25, 136.81
2026-08-24T21:54:12+0800,61436, 19716, 28, 90.97
2026-08-24T21:54:22+0800,61438, 19714, 39, 89.83
2026-08-24T21:54:32+0800,61438, 19714, 41, 116.62
2026-08-24T21:54:43+0800,61438, 19714, 40, 87.03
2026-08-24T21:54:53+0800,39578, 41574, 100, 72.04
2026-08-24T21:55:03+0800,39578, 41574, 100, 72.04
2026-08-24T21:55:14+0800,48318, 32834, 88, 244.37
2026-08-24T21:55:24+0800,39260, 41892, 0, 49.79
2026-08-24T21:55:34+0800,39260, 41892, 0, 49.40
2026-08-24T21:55:45+0800,61840, 19312, 44, 196.06
2026-08-24T21:55:56+0800,61840, 19312, 37, 73.72
2026-08-24T21:56:06+0800,61840, 19312, 45, 142.71
2026-08-24T21:56:17+0800,61842, 19310, 37, 147.97
2026-08-24T21:56:28+0800,42990, 38162, 93, 229.73
2026-08-24T21:56:39+0800,42992, 38160, 94, 231.43
2026-08-24T21:56:49+0800,42680, 38472, 50, 76.15
2026-08-24T21:57:00+0800,62364, 18788, 46, 172.71
2026-08-24T21:57:11+0800,62366, 18786, 39, 142.39
2026-08-24T21:57:21+0800,38226, 42926, 100, 80.08
2026-08-24T21:57:32+0800,58854, 22298, 92, 245.71
2026-08-24T21:57:43+0800,37150, 44002, 45, 74.85
2026-08-24T21:57:53+0800,60558, 20594, 39, 158.80
2026-08-24T21:58:04+0800,39630, 41522, 100, 80.45
2026-08-24T21:58:14+0800,42660, 38492, 25, 73.82
2026-08-24T21:58:25+0800,38128, 43024, 100, 79.51
2026-08-24T21:58:36+0800,51384, 29768, 97, 235.18
2026-08-24T21:58:46+0800,51396, 29756, 98, 237.32
2026-08-24T21:58:56+0800,47394, 33758, 100, 257.70
2026-08-24T21:59:06+0800,47394, 33758, 100, 278.00
2026-08-24T21:59:17+0800,47396, 33756, 100, 273.51
2026-08-24T21:59:27+0800,47396, 33756, 100, 250.83
2026-08-24T21:59:38+0800,47396, 33756, 100, 190.41
2026-08-24T21:59:48+0800,47398, 33754, 100, 273.01
2026-08-24T21:59:59+0800,47398, 33754, 100, 171.43
2026-08-24T22:00:09+0800,47398, 33754, 97, 199.59
2026-08-24T22:00:20+0800,47398, 33754, 100, 274.93
2026-08-24T22:00:31+0800,47400, 33752, 98, 295.56
2026-08-24T22:00:41+0800,47400, 33752, 100, 276.77
2026-08-24T22:00:51+0800,47400, 33752, 100, 217.70
2026-08-24T22:01:02+0800,47402, 33750, 100, 234.21
2026-08-24T22:01:12+0800,47402, 33750, 100, 193.95
2026-08-24T22:01:22+0800,47402, 33750, 100, 201.99
2026-08-24T22:01:33+0800,47402, 33750, 100, 225.96
2026-08-24T22:01:43+0800,47404, 33748, 100, 244.62
2026-08-24T22:01:54+0800,47404, 33748, 100, 262.97
2026-08-24T22:02:04+0800,47404, 33748, 100, 156.12
2026-08-24T22:02:14+0800,47406, 33746, 100, 291.67
2026-08-24T22:02:25+0800,47406, 33746, 100, 242.60
2026-08-24T22:02:35+0800,47406, 33746, 100, 202.87
2026-08-24T22:02:46+0800,47406, 33746, 100, 194.49
2026-08-24T22:02:56+0800,47408, 33744, 100, 259.20
2026-08-24T22:03:07+0800,47408, 33744, 100, 167.32
2026-08-24T22:03:17+0800,47408, 33744, 100, 259.13
2026-08-24T22:03:28+0800,47408, 33744, 100, 153.86
2026-08-24T22:03:39+0800,47410, 33742, 100, 167.32
2026-08-24T22:03:49+0800,47410, 33742, 100, 228.73
2026-08-24T22:04:00+0800,47410, 33742, 100, 182.74
2026-08-24T22:04:10+0800,47412, 33740, 100, 203.93
2026-08-24T22:04:20+0800,47412, 33740, 100, 243.61
2026-08-24T22:04:31+0800,47412, 33740, 100, 180.26
2026-08-24T22:04:41+0800,47414, 33738, 100, 246.37
2026-08-24T22:04:52+0800,47414, 33738, 100, 268.94
2026-08-24T22:05:02+0800,47414, 33738, 100, 133.32
2026-08-24T22:05:12+0800,47414, 33738, 100, 204.49
2026-08-24T22:05:23+0800,47414, 33738, 99, 294.93
2026-08-24T22:05:33+0800,47416, 33736, 99, 103.97
2026-08-24T22:05:44+0800,47416, 33736, 100, 228.16
2026-08-24T22:05:54+0800,47416, 33736, 100, 248.57
2026-08-24T22:06:04+0800,47416, 33736, 100, 224.53
2026-08-24T22:06:15+0800,47418, 33734, 100, 193.44
2026-08-24T22:06:25+0800,47418, 33734, 100, 242.94
2026-08-24T22:06:36+0800,47418, 33734, 100, 248.05
2026-08-24T22:06:46+0800,47418, 33734, 100, 246.72
2026-08-24T22:06:57+0800,47420, 33732, 100, 233.12
2026-08-24T22:07:07+0800,47420, 33732, 100, 162.60
2026-08-24T22:07:17+0800,47420, 33732, 98, 258.03
2026-08-24T22:07:27+0800,47422, 33730, 100, 196.56
2026-08-24T22:07:38+0800,47422, 33730, 100, 160.53
2026-08-24T22:07:48+0800,47422, 33730, 100, 218.27
2026-08-24T22:07:59+0800,47422, 33730, 100, 168.26
2026-08-24T22:08:09+0800,48198, 32954, 100, 262.05
2026-08-24T22:08:19+0800,48198, 32954, 100, 220.98
2026-08-24T22:08:30+0800,48198, 32954, 100, 225.75
2026-08-24T22:08:41+0800,48198, 32954, 100, 271.17
2026-08-24T22:08:51+0800,48200, 32952, 100, 108.49
2026-08-24T22:09:02+0800,48200, 32952, 100, 236.24
2026-08-24T22:09:12+0800,48200, 32952, 100, 256.61
2026-08-24T22:09:22+0800,48200, 32952, 100, 160.34
2026-08-24T22:09:33+0800,48202, 32950, 100, 202.13
2026-08-24T22:09:43+0800,48202, 32950, 100, 237.98
2026-08-24T22:09:54+0800,48202, 32950, 97, 219.70
2026-08-24T22:10:04+0800,48204, 32948, 99, 272.08
2026-08-24T22:10:15+0800,48204, 32948, 100, 200.77
2026-08-24T22:10:25+0800,48204, 32948, 100, 196.19
2026-08-24T22:10:36+0800,48204, 32948, 100, 287.79
2026-08-24T22:10:46+0800,48204, 32948, 100, 288.90
2026-08-24T22:10:57+0800,48206, 32946, 100, 204.35
2026-08-24T22:11:07+0800,48206, 32946, 100, 266.27
2026-08-24T22:11:17+0800,48206, 32946, 100, 171.91
2026-08-24T22:11:28+0800,48208, 32944, 100, 191.59
2026-08-24T22:11:38+0800,48208, 32944, 100, 238.75
2026-08-24T22:11:49+0800,48208, 32944, 100, 249.15
2026-08-24T22:11:59+0800,48208, 32944, 99, 254.09
2026-08-24T22:12:09+0800,48210, 32942, 100, 170.74
2026-08-24T22:12:20+0800,48210, 32942, 100, 196.86
2026-08-24T22:12:30+0800,48210, 32942, 100, 222.53
2026-08-24T22:12:40+0800,48210, 32942, 100, 222.73
2026-08-24T22:12:51+0800,42228, 38924, 0, 64.42
2026-08-24T22:13:01+0800,76422, 4730, 69, 228.16
2026-08-24T22:13:11+0800,61344, 19808, 63, 220.77
2026-08-24T22:13:22+0800,61344, 19808, 80, 239.32
2026-08-24T22:13:32+0800,69144, 12008, 60, 207.36
2026-08-24T22:13:43+0800,69590, 11562, 86, 216.12
2026-08-24T22:13:53+0800,77974, 3178, 87, 122.31
2026-08-24T22:14:03+0800,77974, 3178, 90, 197.36
2026-08-24T22:14:14+0800,77974, 3178, 51, 189.49
2026-08-24T22:14:24+0800,77974, 3178, 88, 209.57
2026-08-24T22:14:35+0800,77974, 3178, 85, 218.12
2026-08-24T22:14:45+0800,77974, 3178, 86, 216.77
2026-08-24T22:14:55+0800,77974, 3178, 100, 190.67
2026-08-24T22:15:06+0800,71734, 9418, 39, 83.76
2026-08-24T22:15:17+0800,71736, 9416, 36, 119.50
2026-08-24T22:15:27+0800,71736, 9416, 38, 99.84
2026-08-24T22:15:37+0800,71736, 9416, 40, 94.47
